time;lat;lon;alt;roll;pitch;head;ub;nsat
0:00:00.29;45.043066;37.387727;624.526;0.0;0.0;0.0;0;0
0:00:00.58;45.042834;37.387833;624.502;0.0;0.0;0.0;0;0
0:00:00.85;45.04305;37.387909;624.49;0.0;0.0;0.0;0;0
0:00:01.14;45.04294;37.387817;624.474;0.0;0.0;0.0;0;0
0:00:01.44;45.042856;37.387568;624.46;0.0;0.0;0.0;0;0
0:00:01.71;45.042851;37.387559;624.435;0.0;0.0;0.0;0;0
0:00:01.98;45.042926;37.387828;624.395;0.0;0.0;0.0;0;0
0:00:02.25;45.042939;37.38772;624.369;0.0;0.0;0.0;0;0
0:00:02.52;45.042992;37.3875;624.362;0.0;0.0;0.0;0;0
0:00:02.81;45.042931;37.387668;624.335;0.0;0.0;0.0;0;0
0:00:03.10;45.042972;37.387482;624.33;0.0;0.0;0.0;0;0
0:00:03.37;45.042903;37.387244;624.324;0.0;0.0;0.0;0;0
0:00:03.64;45.042878;37.387344;624.308;0.0;0.0;0.0;0;0
0:00:03.93;45.042953;37.387505;624.31;0.0;0.0;0.0;0;0
0:00:04.20;45.04292;37.387351;624.289;0.0;0.0;0.0;0;0
0:00:04.48;45.042927;37.387236;624.281;0.0;0.0;0.0;0;0
0:00:04.77;45.042853;37.387115;624.278;0.0;0.0;0.0;0;0
0:00:05.05;45.04294;37.387071;624.271;0.0;0.0;0.0;0;0
0:00:05.32;45.042982;37.387025;624.264;0.0;0.0;0.0;0;0
0:00:05.60;45.043034;37.387215;624.229;0.0;0.0;0.0;0;0
0:00:05.88;45.042964;37.387321;624.21;0.0;0.0;0.0;0;0
0:00:06.16;45.042964;37.387321;624.187;0.0;0.0;0.0;0;0
0:00:06.44;45.042867;37.386983;624.163;0.0;0.0;0.0;0;0
0:00:06.72;45.042901;37.386987;624.148;0.0;0.0;0.0;0;0
0:00:07.01;45.042955;37.386941;624.128;0.0;0.0;0.0;0;0
0:00:07.29;45.043024;37.38665;624.118;0.0;0.0;0.0;0;0
0:00:07.57;45.043004;37.386779;624.103;0.0;0.0;0.0;0;0
0:00:07.84;45.042833;37.386912;624.082;0.0;0.0;0.0;0;0
0:00:08.12;45.042841;37.386741;624.087;0.0;0.0;0.0;0;0
0:00:08.40;45.042916;37.386652;624.098;0.0;0.0;0.0;0;0
0:00:08.68;45.043001;37.386656;624.092;0.0;0.0;0.0;0;0
0:00:08.95;45.04305;37.386984;624.086;0.0;0.0;0.0;0;0
0:00:09.24;45.042909;37.386721;624.073;0.0;0.0;0.0;0;0
0:00:09.51;45.042843;37.386593;624.055;0.0;0.0;0.0;0;0
0:00:09.79;45.042865;37.386428;624.057;0.0;0.0;0.0;0;0
0:00:10.08;45.042811;37.386729;624.063;0.0;0.0;0.0;0;0
0:00:10.36;45.042957;37.386442;624.059;0.0;0.0;0.0;0;0
0:00:10.65;45.043043;37.386408;624.056;0.0;0.0;0.0;0;0
0:00:10.93;45.043037;37.386584;624.032;0.0;0.0;0.0;0;0
0:00:11.21;45.042899;37.38633;624.017;0.0;0.0;0.0;0;0
0:00:11.49;45.042769;37.386335;624.009;0.0;0.0;0.0;0;0
0:00:11.78;45.042825;37.386609;624.006;0.0;0.0;0.0;0;0
0:00:12.05;45.042893;37.38655;623.991;0.0;0.0;0.0;0;0
0:00:12.33;45.042993;37.38607;623.959;0.0;0.0;0.0;0;0
0:00:12.60;45.04293;37.386203;623.944;0.0;0.0;0.0;0;0
0:00:12.88;45.04287;37.386315;623.922;0.0;0.0;0.0;0;0
0:00:13.16;45.04282;37.386172;623.904;0.0;0.0;0.0;0;0
0:00:13.45;45.042981;37.38586;623.892;0.0;0.0;0.0;0;0
0:00:13.72;45.043091;37.385969;623.882;0.0;0.0;0.0;0;0
0:00:14.00;45.042997;37.386306;623.87;0.0;0.0;0.0;0;0
0:00:14.28;45.042996;37.38601;623.862;0.0;0.0;0.0;0;0
0:00:14.56;45.042896;37.386052;623.84;0.0;0.0;0.0;0;0
0:00:14.84;45.042835;37.386124;623.833;0.0;0.0;0.0;0;0
0:00:15.13;45.042781;37.38618;623.808;0.0;0.0;0.0;0;0
0:00:15.42;45.042781;37.38618;623.8;0.0;0.0;0.0;0;0
0:00:15.70;45.04302;37.385863;623.791;0.0;0.0;0.0;0;0
0:00:15.98;45.043084;37.385988;623.774;0.0;0.0;0.0;0;0
0:00:16.25;45.042954;37.385922;623.774;0.0;0.0;0.0;0;0
0:00:16.53;45.0429;37.385609;623.761;0.0;0.0;0.0;0;0
0:00:16.80;45.042827;37.385745;623.733;0.0;0.0;0.0;0;0
0:00:17.08;45.042739;37.385734;623.714;0.0;0.0;0.0;0;0
0:00:17.36;45.042879;37.385532;623.725;0.0;0.0;0.0;0;0
0:00:17.65;45.04303;37.385785;623.721;0.0;0.0;0.0;0;0
0:00:17.92;45.04303;37.385785;623.722;0.0;0.0;0.0;0;0
0:00:18.21;45.043047;37.385638;623.711;0.0;0.0;0.0;0;0
0:00:18.48;45.042886;37.385292;623.7;0.0;0.0;0.0;0;0
0:00:18.76;45.042811;37.385563;623.686;0.0;0.0;0.0;0;0
0:00:19.04;45.042809;37.38558;623.683;0.0;0.0;0.0;0;0
0:00:19.32;45.042957;37.385327;623.682;0.0;0.0;0.0;0;0
0:00:19.61;45.043033;37.385257;623.653;0.0;0.0;0.0;0;0
0:00:19.89;45.04292;37.385424;623.631;0.0;0.0;0.0;0;0
0:00:20.18;45.042853;37.385343;623.624;0.0;0.0;0.0;0;0
0:00:20.45;45.042936;37.385172;623.61;0.0;0.0;0.0;0;0
0:00:20.74;45.042998;37.385373;623.595;0.0;0.0;0.0;0;0
0:00:21.01;45.043032;37.385257;623.568;0.0;0.0;0.0;0;0
0:00:21.29;45.043007;37.384982;623.562;0.0;0.0;0.0;0;0
0:00:21.57;45.043012;37.384914;623.556;0.0;0.0;0.0;0;0
0:00:21.84;45.04292;37.38529;623.547;0.0;0.0;0.0;0;0
0:00:22.12;45.042915;37.385002;623.539;0.0;0.0;0.0;0;0
0:00:22.39;45.042994;37.384696;623.53;0.0;0.0;0.0;0;0
0:00:22.68;45.042994;37.384696;623.534;0.0;0.0;0.0;0;0
0:00:22.96;45.042996;37.385253;623.527;0.0;0.0;0.0;0;0
0:00:23.24;45.04283;37.384743;623.513;0.0;0.0;0.0;0;0
0:00:23.51;45.042925;37.384705;623.521;0.0;0.0;0.0;0;0
0:00:23.81;45.04291;37.384998;623.532;0.0;0.0;0.0;0;0
0:00:24.08;45.042906;37.38503;623.548;0.0;0.0;0.0;0;0
0:00:24.37;45.042906;37.38503;623.543;0.0;0.0;0.0;0;0
0:00:24.64;45.042906;37.38503;623.531;0.0;0.0;0.0;0;0
0:00:24.93;45.042764;37.384928;623.53;0.0;0.0;0.0;0;0
0:00:25.21;45.042764;37.384928;623.526;0.0;0.0;0.0;0;0
0:00:25.49;45.042764;37.384928;623.52;0.0;0.0;0.0;0;0
0:00:25.77;45.042791;37.384741;623.524;0.0;0.0;0.0;0;0
0:00:26.05;45.042791;37.384741;623.523;0.0;0.0;0.0;0;0
0:00:26.32;45.042791;37.384741;623.517;0.0;0.0;0.0;0;0
0:00:26.61;45.042854;37.384379;623.521;0.0;0.0;0.0;0;0
0:00:26.88;45.042879;37.384515;623.522;0.0;0.0;0.0;0;0
0:00:27.17;45.04293;37.384459;623.516;0.0;0.0;0.0;0;0
0:00:27.45;45.042933;37.384431;623.529;0.0;0.0;0.0;0;0
0:00:27.73;45.042933;37.384431;623.531;0.0;0.0;0.0;0;0
0:00:28.01;45.042933;37.384431;623.533;0.0;0.0;0.0;0;0
0:00:28.29;45.042941;37.38416;623.544;0.0;0.0;0.0;0;0
0:00:28.59;45.042941;37.38416;623.531;0.0;0.0;0.0;0;0
0:00:28.88;45.042907;37.384477;623.536;0.0;0.0;0.0;0;0
0:00:29.17;45.042859;37.38419;623.55;0.0;0.0;0.0;0;0
0:00:29.44;45.042952;37.38392;623.546;0.0;0.0;0.0;0;0
0:00:29.73;45.042909;37.384122;623.541;0.0;0.0;0.0;0;0
0:00:30.01;45.042941;37.384268;623.537;0.0;0.0;0.0;0;0
0:00:30.28;45.042941;37.384268;623.529;0.0;0.0;0.0;0;0
0:00:30.58;45.042882;37.383842;623.533;0.0;0.0;0.0;0;0
0:00:30.87;45.042905;37.383682;623.531;0.0;0.0;0.0;0;0
0:00:31.15;45.042905;37.383682;623.529;0.0;0.0;0.0;0;0
0:00:31.44;45.042905;37.383682;623.533;0.0;0.0;0.0;0;0
0:00:31.72;45.042909;37.383651;623.53;0.0;0.0;0.0;0;0
0:00:32.00;45.042909;37.383651;623.527;0.0;0.0;0.0;0;0
0:00:32.29;45.042909;37.383651;623.527;0.0;0.0;0.0;0;0
0:00:32.56;45.042919;37.383572;623.531;0.0;0.0;0.0;0;0
0:00:32.85;45.042919;37.383572;623.521;0.0;0.0;0.0;0;0
0:00:33.12;45.042919;37.383572;623.518;0.0;0.0;0.0;0;0
0:00:33.41;45.042937;37.383433;623.515;0.0;0.0;0.0;0;0
0:00:33.68;45.043088;37.383575;623.518;0.0;0.0;0.0;0;0
0:00:33.98;45.043088;37.383575;623.513;0.0;0.0;0.0;0;0
0:00:34.25;45.043092;37.383535;623.51;0.0;0.0;0.0;0;0
0:00:34.56;45.043092;37.383535;623.512;0.0;0.0;0.0;0;0
0:00:34.84;45.043092;37.383535;623.503;0.0;0.0;0.0;0;0
0:00:35.11;45.043086;37.383587;623.513;0.0;0.0;0.0;0;0
0:00:35.38;45.042842;37.383281;623.535;0.0;0.0;0.0;0;0
0:00:35.65;45.042842;37.383281;623.543;0.0;0.0;0.0;0;0
0:00:35.93;45.042923;37.383626;623.544;0.0;0.0;0.0;0;0
0:00:36.20;45.042987;37.383421;623.547;0.0;0.0;0.0;0;0
0:00:36.49;45.043191;37.383184;623.524;0.0;0.0;0.0;0;0
0:00:36.76;45.043197;37.382968;623.517;0.0;0.0;0.0;0;0
0:00:37.05;45.043197;37.382968;623.513;0.0;0.0;0.0;0;0
0:00:37.32;45.042879;37.382929;623.502;0.0;0.0;0.0;0;0
0:00:37.61;45.042924;37.382905;623.491;0.0;0.0;0.0;0;0
0:00:37.89;45.042924;37.382905;623.471;0.0;0.0;0.0;0;0
0:00:38.17;45.042924;37.382905;623.472;0.0;0.0;0.0;0;0
0:00:38.45;45.042925;37.382899;623.467;0.0;0.0;0.0;0;0
0:00:38.73;45.042925;37.382899;623.454;0.0;0.0;0.0;0;0
0:00:39.00;45.042925;37.382899;623.456;0.0;0.0;0.0;0;0
0:00:39.28;45.042934;37.382827;623.451;0.0;0.0;0.0;0;0
0:00:39.57;45.042934;37.382827;623.455;0.0;0.0;0.0;0;0
0:00:39.85;45.042934;37.382827;623.458;0.0;0.0;0.0;0;0
0:00:40.13;45.042945;37.382745;623.455;0.0;0.0;0.0;0;0
0:00:40.40;45.042945;37.382745;623.459;0.0;0.0;0.0;0;0
0:00:40.69;45.042945;37.382745;623.453;0.0;0.0;0.0;0;0
0:00:40.97;45.042969;37.38299;623.455;0.0;0.0;0.0;0;0
0:00:41.24;45.042838;37.382736;623.453;0.0;0.0;0.0;0;0
0:00:41.54;45.042797;37.382481;623.458;0.0;0.0;0.0;0;0
0:00:41.83;45.042928;37.382833;623.46;0.0;0.0;0.0;0;0
0:00:42.09;45.042928;37.382833;623.461;0.0;0.0;0.0;0;0
0:00:42.38;45.042928;37.382833;623.461;0.0;0.0;0.0;0;0
0:00:42.65;45.042962;37.382561;623.459;0.0;0.0;0.0;0;0
0:00:42.92;45.042991;37.382569;623.458;0.0;0.0;0.0;0;0
0:00:43.21;45.042885;37.382401;623.453;0.0;0.0;0.0;0;0
0:00:43.49;45.042885;37.382402;623.451;0.0;0.0;0.0;0;0
0:00:43.77;45.042885;37.382402;623.441;0.0;0.0;0.0;0;0
0:00:44.04;45.042885;37.382402;623.437;0.0;0.0;0.0;0;0
0:00:44.32;45.042905;37.382289;623.426;0.0;0.0;0.0;0;0
0:00:44.60;45.042905;37.382289;623.42;0.0;0.0;0.0;0;0
0:00:44.89;45.042905;37.382289;623.405;0.0;0.0;0.0;0;0
0:00:45.17;45.042904;37.382295;623.4;0.0;0.0;0.0;0;0
0:00:45.45;45.042904;37.382295;623.389;0.0;0.0;0.0;0;0
0:00:45.74;45.042904;37.382295;623.385;0.0;0.0;0.0;0;0
0:00:46.04;45.042924;37.38218;623.373;0.0;0.0;0.0;0;0
0:00:46.35;45.043012;37.381927;623.376;0.0;0.0;0.0;0;0
0:00:46.65;45.043012;37.381927;623.374;0.0;0.0;0.0;0;0
0:00:46.94;45.043012;37.381922;623.373;0.0;0.0;0.0;0;0
0:00:47.21;45.043012;37.381922;623.373;0.0;0.0;0.0;0;0
0:00:47.49;45.043012;37.381922;623.356;0.0;0.0;0.0;0;0
0:00:47.78;45.043012;37.381931;623.36;0.0;0.0;0.0;0;0
0:00:48.04;45.043012;37.381931;623.36;0.0;0.0;0.0;0;0
0:00:48.33;45.043012;37.381931;623.339;0.0;0.0;0.0;0;0
0:00:48.61;45.043019;37.381529;623.329;0.0;0.0;0.0;0;0
0:00:48.88;45.043019;37.381529;623.331;0.0;0.0;0.0;0;0
0:00:49.18;45.043019;37.381529;623.331;0.0;0.0;0.0;0;0
0:00:49.45;45.043017;37.381743;623.302;0.0;0.0;0.0;0;0
0:00:49.73;45.042868;37.381859;623.291;0.0;0.0;0.0;0;0
0:00:50.01;45.042868;37.381859;623.292;0.0;0.0;0.0;0;0
0:00:50.29;45.042905;37.381681;623.292;0.0;0.0;0.0;0;0
0:00:50.57;45.042905;37.381681;623.289;0.0;0.0;0.0;0;0
0:00:50.85;45.042905;37.381681;623.291;0.0;0.0;0.0;0;0
0:00:51.13;45.042975;37.381458;623.281;0.0;0.0;0.0;0;0
0:00:51.42;45.042975;37.381458;623.276;0.0;0.0;0.0;0;0
0:00:51.69;45.042975;37.381458;623.269;0.0;0.0;0.0;0;0
0:00:51.97;45.042975;37.381455;623.252;0.0;0.0;0.0;0;0
0:00:52.24;45.042975;37.381455;623.245;0.0;0.0;0.0;0;0
0:00:52.54;45.042975;37.381455;623.236;0.0;0.0;0.0;0;0
0:00:52.82;45.043005;37.381301;623.218;0.0;0.0;0.0;0;0
0:00:53.09;45.043005;37.381301;623.211;0.0;0.0;0.0;0;0
0:00:53.37;45.043005;37.381301;623.204;0.0;0.0;0.0;0;0
0:00:53.65;45.042994;37.381179;623.192;0.0;0.0;0.0;0;0
0:00:53.93;45.042994;37.381179;623.188;0.0;0.0;0.0;0;0
0:00:54.20;45.042994;37.381179;623.177;0.0;0.0;0.0;0;0
0:00:54.49;45.043011;37.381034;623.17;0.0;0.0;0.0;0;0
0:00:54.77;45.043011;37.381034;623.169;0.0;0.0;0.0;0;0
0:00:55.05;45.043011;37.381034;623.161;0.0;0.0;0.0;0;0
0:00:55.33;45.04301;37.381044;623.145;0.0;0.0;0.0;0;0
0:00:55.62;45.04301;37.381044;623.149;0.0;0.0;0.0;0;0
0:00:55.89;45.04301;37.381044;623.158;0.0;0.0;0.0;0;0
0:00:56.18;45.043024;37.380921;623.154;0.0;0.0;0.0;0;0
0:00:56.45;45.043024;37.380921;623.14;0.0;0.0;0.0;0;0
0:00:56.73;45.043024;37.380921;623.132;0.0;0.0;0.0;0;0
0:00:57.01;45.043014;37.381003;623.12;0.0;0.0;0.0;0;0
0:00:57.28;45.043014;37.381003;623.106;0.0;0.0;0.0;0;0
0:00:57.57;45.043014;37.381003;623.097;0.0;0.0;0.0;0;0
0:00:57.92;45.043045;37.380744;623.084;0.0;0.0;0.0;0;0
0:00:58.21;45.043454;37.380228;623.071;0.0;0.0;0.0;0;0
0:00:58.49;45.043454;37.380228;623.054;0.0;0.0;0.0;0;0
0:00:58.77;45.043454;37.38023;623.053;0.0;0.0;0.0;0;0
0:00:59.05;45.043454;37.38023;623.049;0.0;0.0;0.0;0;0
0:00:59.33;45.043454;37.38023;623.042;0.0;0.0;0.0;0;0
0:00:59.61;45.043437;37.380082;623.038;0.0;0.0;0.0;0;0
0:00:59.89;45.043436;37.380139;623.019;0.0;0.0;0.0;0;0
0:01:00.17;45.043436;37.380139;623.012;0.0;0.0;0.0;0;0
0:01:00.45;45.04345;37.38;623.01;0.0;0.0;0.0;0;0
0:01:00.73;45.04345;37.38;623.008;0.0;0.0;0.0;0;0
0:01:01.02;45.04308;37.380315;623.011;0.0;0.0;0.0;0;0
0:01:01.30;45.043079;37.380325;623.006;0.0;0.0;0.0;0;0
0:01:01.59;45.043079;37.380325;623.0;0.0;0.0;0.0;0;0
0:01:01.85;45.043079;37.380325;623.001;0.0;0.0;0.0;0;0
0:01:02.15;45.043077;37.380378;623.014;0.0;0.0;0.0;0;0
0:01:02.41;45.043077;37.380378;623.007;0.0;0.0;0.0;0;0
0:01:02.69;45.043077;37.380378;622.998;0.0;0.0;0.0;0;0
0:01:02.98;45.043079;37.380327;622.977;0.0;0.0;0.0;0;0
0:01:03.26;45.043079;37.380327;622.981;0.0;0.0;0.0;0;0
0:01:03.53;45.043079;37.380327;622.971;0.0;0.0;0.0;0;0
0:01:03.81;45.043089;37.380139;622.956;0.0;0.0;0.0;0;0
0:01:04.09;45.043089;37.380139;622.945;0.0;0.0;0.0;0;0
0:01:04.37;45.043089;37.380139;622.915;0.0;0.0;0.0;0;0
0:01:04.71;45.043093;37.380044;622.912;0.0;0.0;0.0;0;0
0:01:04.97;45.043093;37.380044;622.899;0.0;0.0;0.0;0;0
0:01:05.26;45.043093;37.380044;622.889;0.0;0.0;0.0;0;0
0:01:05.54;45.043003;37.37948;622.883;0.0;0.0;0.0;0;0
0:01:05.83;45.043003;37.37948;622.87;0.0;0.0;0.0;0;0
0:01:06.09;45.042357;37.379757;622.861;0.0;0.0;0.0;0;0
0:01:06.41;45.042402;37.379557;622.852;0.0;0.0;0.0;0;0
0:01:06.69;45.042402;37.379557;622.84;0.0;0.0;0.0;0;0
0:01:06.99;45.042402;37.379557;622.838;0.0;0.0;0.0;0;0
0:01:07.28;45.042404;37.379551;622.825;0.0;0.0;0.0;0;0
0:01:07.58;45.042611;37.37923;622.815;0.0;0.0;0.0;0;0
0:01:07.86;45.043012;37.379455;622.804;0.0;0.0;0.0;0;0
0:01:08.15;45.043016;37.379415;622.794;0.0;0.0;0.0;0;0
0:01:08.43;45.043016;37.379415;622.773;0.0;0.0;0.0;0;0
0:01:08.73;45.043016;37.379415;622.756;0.0;0.0;0.0;0;0
0:01:09.02;45.04302;37.379378;622.743;0.0;0.0;0.0;0;0
0:01:09.29;45.04302;37.379378;622.735;0.0;0.0;0.0;0;0
0:01:09.57;45.04302;37.379378;622.726;0.0;0.0;0.0;0;0
0:01:09.87;45.043091;37.378657;622.705;0.0;0.0;0.0;0;0
0:01:10.14;45.043091;37.378657;622.688;0.0;0.0;0.0;0;0
0:01:10.42;45.043091;37.378657;622.654;0.0;0.0;0.0;0;0
0:01:10.72;45.04325;37.376777;622.616;0.0;0.0;0.0;0;0
0:01:11.01;45.04325;37.376777;622.609;0.0;0.0;0.0;0;0
0:01:11.29;45.04325;37.376777;622.605;0.0;0.0;0.0;0;0
0:01:11.58;45.043252;37.376586;622.606;0.0;0.0;0.0;0;0
0:01:11.87;45.043252;37.376586;622.601;0.0;0.0;0.0;0;0
0:01:12.15;45.043252;37.376586;622.625;0.0;0.0;0.0;0;0
0:01:12.42;45.043253;37.376311;622.666;0.0;0.0;0.0;0;0
0:01:12.70;45.043253;37.376311;622.698;0.0;0.0;0.0;0;0
0:01:12.98;45.043253;37.376311;622.704;0.0;0.0;0.0;0;0
0:01:13.25;45.04346;37.378529;622.705;0.0;0.0;0.0;0;0
0:01:13.53;45.04346;37.378529;622.643;0.0;0.0;0.0;0;0
0:01:13.81;45.04346;37.378529;622.623;0.0;0.0;0.0;0;0
0:01:14.09;45.043213;37.378081;622.637;0.0;0.0;0.0;0;0
0:01:14.38;45.043213;37.378081;622.713;0.0;0.0;0.0;0;0
0:01:14.65;45.043213;37.378081;622.747;0.0;0.0;0.0;0;0
0:01:14.94;45.043311;37.378249;622.738;0.0;0.0;0.0;0;0
0:01:15.21;45.043311;37.378249;622.684;0.0;0.0;0.0;0;0
0:01:15.49;45.043311;37.378249;622.641;0.0;0.0;0.0;0;0
0:01:15.77;45.043458;37.37851;622.598;0.0;0.0;0.0;0;0
0:01:16.06;45.043458;37.37851;622.593;0.0;0.0;0.0;0;0
0:01:16.33;45.043458;37.37851;622.58;0.0;0.0;0.0;0;0
0:01:16.63;45.043516;37.378609;622.549;0.0;0.0;0.0;0;0
0:01:16.89;45.043516;37.378609;622.524;0.0;0.0;0.0;0;0
0:01:17.19;45.043516;37.378609;622.505;0.0;0.0;0.0;0;0
0:01:17.45;45.043693;37.378918;622.504;0.0;0.0;0.0;0;0
0:01:17.75;45.043097;37.378178;622.497;0.0;0.0;0.0;0;0
0:01:18.01;45.043097;37.378178;622.482;0.0;0.0;0.0;0;0
0:01:18.29;45.043179;37.378297;622.497;0.0;0.0;0.0;0;0
0:01:18.57;45.043179;37.378297;622.507;0.0;0.0;0.0;0;0
0:01:18.85;45.043179;37.378297;622.513;0.0;0.0;0.0;0;0
0:01:19.13;45.042858;37.377802;622.508;0.0;0.0;0.0;0;0
0:01:19.41;45.042858;37.377802;622.502;0.0;0.0;0.0;0;0
0:01:19.69;45.042858;37.377802;622.471;0.0;0.0;0.0;0;0
0:01:19.98;45.042738;37.377631;622.449;0.0;0.0;0.0;0;0
0:01:20.25;45.042738;37.377631;622.427;0.0;0.0;0.0;0;0
0:01:20.54;45.042738;37.377631;622.388;0.0;0.0;0.0;0;0
0:01:20.83;45.042636;37.377488;622.384;0.0;0.0;0.0;0;0
0:01:21.12;45.042636;37.377488;622.373;0.0;0.0;0.0;0;0
0:01:21.42;45.042636;37.377488;622.359;0.0;0.0;0.0;0;0
0:01:21.71;45.042587;37.377418;622.336;0.0;0.0;0.0;0;0
0:01:22.01;45.042587;37.377418;622.319;0.0;0.0;0.0;0;0
0:01:22.29;45.042587;37.377418;622.312;0.0;0.0;0.0;0;0
0:01:22.60;45.042483;37.377269;622.313;0.0;0.0;0.0;0;0
0:01:22.89;45.042483;37.377269;622.301;0.0;0.0;0.0;0;0
0:01:23.19;45.042483;37.377269;622.287;0.0;0.0;0.0;0;0
0:01:23.50;45.042473;37.377255;622.25;0.0;0.0;0.0;0;0
0:01:23.81;45.042473;37.377255;622.224;0.0;0.0;0.0;0;0
0:01:24.10;45.042473;37.377255;622.227;0.0;0.0;0.0;0;0
0:01:24.41;45.042362;37.377101;622.242;0.0;0.0;0.0;0;0
0:01:24.70;45.042362;37.377101;622.25;0.0;0.0;0.0;0;0
0:01:25.00;45.042362;37.377101;622.275;0.0;0.0;0.0;0;0
0:01:25.31;45.042431;37.377194;622.27;0.0;0.0;0.0;0;0
0:01:25.62;45.042431;37.377194;622.247;0.0;0.0;0.0;0;0
0:01:25.90;45.042431;37.377194;622.228;0.0;0.0;0.0;0;0
0:01:26.22;45.042412;37.377167;622.221;0.0;0.0;0.0;0;0
0:01:26.50;45.042412;37.377167;622.213;0.0;0.0;0.0;0;0
0:01:26.80;45.042412;37.377167;622.211;0.0;0.0;0.0;0;0
0:01:27.11;45.04236;37.377094;622.207;0.0;0.0;0.0;0;0
0:01:27.41;45.04236;37.377094;622.224;0.0;0.0;0.0;0;0
0:01:27.72;45.04236;37.377094;622.221;0.0;0.0;0.0;0;0
0:01:28.04;45.04233;37.377051;622.235;0.0;0.0;0.0;0;0
0:01:28.33;45.04233;37.377051;622.227;0.0;0.0;0.0;0;0
0:01:28.63;45.04233;37.377051;622.223;0.0;0.0;0.0;0;0
0:01:28.94;45.042306;37.377017;622.217;0.0;0.0;0.0;0;0
0:01:29.24;45.042306;37.377017;622.197;0.0;0.0;0.0;0;0
0:01:29.54;45.042306;37.377017;622.192;0.0;0.0;0.0;0;0
0:01:29.83;45.042285;37.376986;622.16;0.0;0.0;0.0;0;0
0:01:30.14;45.042285;37.376986;622.157;0.0;0.0;0.0;0;0
0:01:30.43;45.042285;37.376986;622.161;0.0;0.0;0.0;0;0
0:01:30.74;45.042189;37.376848;622.166;0.0;0.0;0.0;0;0
0:01:31.03;45.042189;37.376848;622.159;0.0;0.0;0.0;0;0
0:01:31.32;45.042189;37.376848;622.157;0.0;0.0;0.0;0;0
0:01:31.63;45.042164;37.376812;622.166;0.0;0.0;0.0;0;0
0:01:31.93;45.042164;37.376812;622.173;0.0;0.0;0.0;0;0
0:01:32.23;45.042164;37.376812;622.178;0.0;0.0;0.0;0;0
0:01:32.54;45.042108;37.376731;622.179;0.0;0.0;0.0;0;0
0:01:32.83;45.042108;37.376731;622.155;0.0;0.0;0.0;0;0
0:01:33.13;45.042108;37.376731;622.149;0.0;0.0;0.0;0;0
0:01:33.43;45.042084;37.376696;622.14;0.0;0.0;0.0;0;0
0:01:33.73;45.042084;37.376696;622.134;0.0;0.0;0.0;0;0
0:01:34.04;45.042084;37.376696;622.12;0.0;0.0;0.0;0;0
0:01:34.33;45.042045;37.376641;622.129;0.0;0.0;0.0;0;0
0:01:34.63;45.042045;37.376641;622.131;0.0;0.0;0.0;0;0
0:01:34.92;45.042045;37.376641;622.116;0.0;0.0;0.0;0;0
0:01:35.23;45.042028;37.376616;622.118;0.0;0.0;0.0;0;0
0:01:35.53;45.042028;37.376616;622.114;0.0;0.0;0.0;0;0
0:01:35.83;45.042028;37.376616;622.117;0.0;0.0;0.0;0;0
0:01:36.14;45.041989;37.376558;622.111;0.0;0.0;0.0;0;0
0:01:36.43;45.041989;37.376558;622.124;0.0;0.0;0.0;0;0
0:01:36.72;45.041989;37.376558;622.123;0.0;0.0;0.0;0;0
0:01:37.04;45.041949;37.376502;622.118;0.0;0.0;0.0;0;0
0:01:37.34;45.041949;37.376502;622.114;0.0;0.0;0.0;0;0
0:01:37.63;45.041949;37.376502;622.107;0.0;0.0;0.0;0;0
0:01:37.95;45.041937;37.376485;622.099;0.0;0.0;0.0;0;0
0:01:38.23;45.041937;37.376485;622.088;0.0;0.0;0.0;0;0
0:01:38.53;45.041937;37.376485;622.064;0.0;0.0;0.0;0;0
0:01:38.84;45.041861;37.376378;622.082;0.0;0.0;0.0;0;0
0:01:39.15;45.041861;37.376378;622.074;0.0;0.0;0.0;0;0
0:01:39.46;45.041861;37.376378;622.063;0.0;0.0;0.0;0;0
0:01:39.75;45.04179;37.376274;622.055;0.0;0.0;0.0;0;0
0:01:40.04;45.04179;37.376274;622.054;0.0;0.0;0.0;0;0
0:01:40.34;45.04179;37.376274;622.046;0.0;0.0;0.0;0;0
0:01:40.63;45.041747;37.376211;622.038;0.0;0.0;0.0;0;0
0:01:40.94;45.041747;37.376211;622.039;0.0;0.0;0.0;0;0
0:01:41.24;45.041747;37.376211;622.039;0.0;0.0;0.0;0;0
0:01:41.57;45.041732;37.376188;622.023;0.0;0.0;0.0;0;0
0:01:41.89;45.041732;37.376188;622.018;0.0;0.0;0.0;0;0
0:01:42.18;45.041732;37.376188;622.007;0.0;0.0;0.0;0;0
0:01:42.49;45.04159;37.375976;621.997;0.0;0.0;0.0;0;0
0:01:42.78;45.04159;37.375976;622.007;0.0;0.0;0.0;0;0
0:01:43.08;45.04159;37.375976;622.011;0.0;0.0;0.0;0;0
0:01:43.39;45.041667;37.376087;622.013;0.0;0.0;0.0;0;0
0:01:43.69;45.041667;37.376087;622.009;0.0;0.0;0.0;0;0
0:01:43.98;45.041667;37.376087;622.009;0.0;0.0;0.0;0;0
0:01:44.29;45.041599;37.375987;622.007;0.0;0.0;0.0;0;0
0:01:44.58;45.041599;37.375987;622.013;0.0;0.0;0.0;0;0
0:01:44.89;45.041599;37.375987;622.012;0.0;0.0;0.0;0;0
0:01:45.19;45.041603;37.375993;622.0;0.0;0.0;0.0;0;0
0:01:45.49;45.041603;37.375993;621.997;0.0;0.0;0.0;0;0
0:01:45.79;45.041603;37.375993;622.006;0.0;0.0;0.0;0;0
0:01:46.09;45.04158;37.375958;622.007;0.0;0.0;0.0;0;0
0:01:46.38;45.04158;37.375958;622.003;0.0;0.0;0.0;0;0
0:01:46.68;45.04158;37.375958;621.996;0.0;0.0;0.0;0;0
0:01:46.99;45.041504;37.375841;621.99;0.0;0.0;0.0;0;0
0:01:47.29;45.041504;37.375841;621.984;0.0;0.0;0.0;0;0
0:01:47.59;45.041504;37.375841;621.98;0.0;0.0;0.0;0;0
0:01:47.91;45.041522;37.375869;621.987;0.0;0.0;0.0;0;0
0:01:48.20;45.041522;37.375869;621.989;0.0;0.0;0.0;0;0
0:01:48.54;45.041522;37.375869;621.996;0.0;0.0;0.0;0;0
0:01:48.85;45.041437;37.375738;621.987;0.0;0.0;0.0;0;0
0:01:49.16;45.041437;37.375738;621.978;0.0;0.0;0.0;0;0
0:01:49.46;45.041437;37.375738;621.976;0.0;0.0;0.0;0;0
0:01:49.77;45.041364;37.375631;621.95;0.0;0.0;0.0;0;0
0:01:50.06;45.041364;37.375631;621.94;0.0;0.0;0.0;0;0
0:01:50.36;45.041334;37.375784;621.93;0.0;0.0;0.0;0;0
0:01:50.67;45.041326;37.375774;621.92;0.0;0.0;0.0;0;0
0:01:50.98;45.041326;37.375774;621.917;0.0;0.0;0.0;0;0
0:01:51.28;45.041326;37.375774;621.94;0.0;0.0;0.0;0;0
0:01:51.61;45.041274;37.375703;621.961;0.0;0.0;0.0;0;0
0:01:51.91;45.041274;37.375703;621.965;0.0;0.0;0.0;0;0
0:01:52.23;45.041274;37.375703;621.99;0.0;0.0;0.0;0;0
0:01:52.55;45.041222;37.375625;622.019;0.0;0.0;0.0;0;0
0:01:52.86;45.041222;37.375625;622.023;0.0;0.0;0.0;0;0
0:01:53.17;45.041222;37.375625;622.023;0.0;0.0;0.0;0;0
0:01:53.48;45.041202;37.375596;622.028;0.0;0.0;0.0;0;0
0:01:53.79;45.041202;37.375596;622.024;0.0;0.0;0.0;0;0
0:01:54.09;45.040837;37.375407;622.032;0.0;0.0;0.0;0;0
0:01:54.41;45.040734;37.375184;622.017;0.0;0.0;0.0;0;0
0:01:54.71;45.040734;37.375184;622.007;0.0;0.0;0.0;0;0
0:01:55.03;45.040734;37.375184;622.018;0.0;0.0;0.0;0;0
0:01:55.34;45.040712;37.375136;622.022;0.0;0.0;0.0;0;0
0:01:55.65;45.040712;37.375136;622.034;0.0;0.0;0.0;0;0
0:01:55.95;45.040712;37.375136;622.069;0.0;0.0;0.0;0;0
0:01:56.25;45.04071;37.375133;622.065;0.0;0.0;0.0;0;0
0:01:56.55;45.04071;37.375133;622.063;0.0;0.0;0.0;0;0
0:01:56.86;45.04071;37.375133;622.055;0.0;0.0;0.0;0;0
0:01:57.15;45.040679;37.375067;622.05;0.0;0.0;0.0;0;0
0:01:57.47;45.040679;37.375067;622.041;0.0;0.0;0.0;0;0
0:01:57.76;45.040679;37.375067;622.04;0.0;0.0;0.0;0;0
0:01:58.09;45.040702;37.375115;622.035;0.0;0.0;0.0;0;0
0:01:58.38;45.040702;37.375115;622.032;0.0;0.0;0.0;0;0
0:01:58.68;45.040702;37.375115;622.026;0.0;0.0;0.0;0;0
0:01:59.01;45.04063;37.374964;622.042;0.0;0.0;0.0;0;0
0:01:59.32;45.04063;37.374964;622.048;0.0;0.0;0.0;0;0
0:01:59.64;45.04063;37.374964;622.054;0.0;0.0;0.0;0;0
0:01:59.95;45.040663;37.375037;622.042;0.0;0.0;0.0;0;0
0:02:00.27;45.040663;37.375037;622.039;0.0;0.0;0.0;0;0
0:02:00.58;45.040663;37.375037;622.046;0.0;0.0;0.0;0;0
0:02:00.88;45.040592;37.374882;622.068;0.0;0.0;0.0;0;0
0:02:01.18;45.040592;37.374882;622.068;0.0;0.0;0.0;0;0
0:02:01.48;45.040592;37.374882;622.094;0.0;0.0;0.0;0;0
0:02:01.79;45.040573;37.374842;622.101;0.0;0.0;0.0;0;0
0:02:02.10;45.040573;37.374842;622.099;0.0;0.0;0.0;0;0
0:02:02.40;45.040573;37.374842;622.099;0.0;0.0;0.0;0;0
0:02:02.71;45.040495;37.374672;622.107;0.0;0.0;0.0;0;0
0:02:03.03;45.040267;37.374385;622.108;0.0;0.0;0.0;0;0
0:02:03.34;45.040267;37.374385;622.12;0.0;0.0;0.0;0;0
0:02:03.63;45.040255;37.374361;622.123;0.0;0.0;0.0;0;0
0:02:03.95;45.040255;37.374361;622.12;0.0;0.0;0.0;0;0
0:02:04.26;45.040255;37.374361;622.121;0.0;0.0;0.0;0;0
0:02:04.58;45.040227;37.374308;622.129;0.0;0.0;0.0;0;0
0:02:04.88;45.040227;37.374308;622.138;0.0;0.0;0.0;0;0
0:02:05.19;45.040227;37.374308;622.121;0.0;0.0;0.0;0;0
0:02:05.51;45.040066;37.37418;622.12;0.0;0.0;0.0;0;0
0:02:05.84;45.040074;37.374275;622.118;0.0;0.0;0.0;0;0
0:02:06.14;45.039959;37.374313;622.112;0.0;0.0;0.0;0;0
0:02:06.45;45.039871;37.374055;622.128;0.0;0.0;0.0;0;0
0:02:06.75;45.0398;37.373896;622.163;0.0;0.0;0.0;0;0
0:02:07.06;45.040171;37.373705;622.172;0.0;0.0;0.0;0;0
0:02:07.35;45.040277;37.373855;622.212;0.0;0.0;0.0;0;0
0:02:07.67;45.040277;37.373855;622.226;0.0;0.0;0.0;0;0
0:02:07.98;45.039883;37.374192;622.245;0.0;0.0;0.0;0;0
0:02:08.29;45.039712;37.373994;622.25;0.0;0.0;0.0;0;0
0:02:08.58;45.039731;37.373711;622.244;0.0;0.0;0.0;0;0
0:02:08.89;45.039731;37.373711;622.241;0.0;0.0;0.0;0;0
0:02:09.20;45.039742;37.373736;622.241;0.0;0.0;0.0;0;0
0:02:09.53;45.039742;37.373736;622.242;0.0;0.0;0.0;0;0
0:02:09.83;45.039829;37.373622;622.247;0.0;0.0;0.0;0;0
0:02:10.15;45.039677;37.373947;622.251;0.0;0.0;0.0;0;0
0:02:10.46;45.039677;37.373947;622.256;0.0;0.0;0.0;0;0
0:02:10.77;45.03961;37.373684;622.264;0.0;0.0;0.0;0;0
0:02:11.08;45.039663;37.373924;622.273;0.0;0.0;0.0;0;0
0:02:11.39;45.039663;37.373924;622.271;0.0;0.0;0.0;0;0
0:02:11.69;45.039768;37.373383;622.237;0.0;0.0;0.0;0;0
0:02:12.00;45.039774;37.373393;622.226;0.0;0.0;0.0;0;0
0:02:12.30;45.039774;37.373393;622.223;0.0;0.0;0.0;0;0
0:02:12.60;45.039687;37.373496;622.225;0.0;0.0;0.0;0;0
0:02:12.92;45.03973;37.372818;622.233;0.0;0.0;0.0;0;0
0:02:13.22;45.03973;37.372818;622.255;0.0;0.0;0.0;0;0
0:02:13.53;45.039506;37.373279;622.258;0.0;0.0;0.0;0;0
0:02:13.83;45.039562;37.373488;622.294;0.0;0.0;0.0;0;0
0:02:14.15;45.039562;37.373488;622.306;0.0;0.0;0.0;0;0
0:02:14.46;45.039562;37.373488;622.32;0.0;0.0;0.0;0;0
0:02:14.79;45.039492;37.373337;622.327;0.0;0.0;0.0;0;0
0:02:15.08;45.039492;37.373337;622.309;0.0;0.0;0.0;0;0
0:02:15.40;45.039492;37.373337;622.304;0.0;0.0;0.0;0;0
0:02:15.71;45.039451;37.373248;622.29;0.0;0.0;0.0;0;0
0:02:16.03;45.039451;37.373248;622.286;0.0;0.0;0.0;0;0
0:02:16.34;45.039451;37.373248;622.282;0.0;0.0;0.0;0;0
0:02:16.65;45.039397;37.373129;622.287;0.0;0.0;0.0;0;0
0:02:16.95;45.039397;37.373129;622.288;0.0;0.0;0.0;0;0
0:02:17.27;45.039397;37.373129;622.278;0.0;0.0;0.0;0;0
0:02:17.58;45.039592;37.373038;622.27;0.0;0.0;0.0;0;0
0:02:17.89;45.039592;37.373038;622.264;0.0;0.0;0.0;0;0
0:02:18.19;45.039592;37.373038;622.251;0.0;0.0;0.0;0;0
0:02:18.50;45.039548;37.372955;622.235;0.0;0.0;0.0;0;0
0:02:18.79;45.039548;37.372955;622.232;0.0;0.0;0.0;0;0
0:02:19.09;45.039548;37.372955;622.214;0.0;0.0;0.0;0;0
0:02:19.40;45.039175;37.373086;622.208;0.0;0.0;0.0;0;0
0:02:19.71;45.038951;37.372984;622.22;0.0;0.0;0.0;0;0
0:02:20.03;45.039001;37.373061;622.23;0.0;0.0;0.0;0;0
0:02:20.35;45.039193;37.37283;622.251;0.0;0.0;0.0;0;0
0:02:20.67;45.039112;37.372942;622.274;0.0;0.0;0.0;0;0
0:02:20.98;45.039112;37.372942;622.288;0.0;0.0;0.0;0;0
0:02:21.27;45.03903;37.372864;622.309;0.0;0.0;0.0;0;0
0:02:21.58;45.03903;37.372864;622.309;0.0;0.0;0.0;0;0
0:02:21.88;45.039067;37.372793;622.32;0.0;0.0;0.0;0;0
0:02:22.19;45.03904;37.372732;622.333;0.0;0.0;0.0;0;0
0:02:22.50;45.03904;37.372732;622.345;0.0;0.0;0.0;0;0
0:02:22.81;45.03888;37.372516;622.35;0.0;0.0;0.0;0;0
0:02:23.12;45.038866;37.37249;622.351;0.0;0.0;0.0;0;0
0:02:23.43;45.038866;37.37249;622.35;0.0;0.0;0.0;0;0
0:02:23.74;45.038866;37.37249;622.354;0.0;0.0;0.0;0;0
0:02:24.07;45.038958;37.372569;622.355;0.0;0.0;0.0;0;0
0:02:24.39;45.03893;37.372612;622.328;0.0;0.0;0.0;0;0
0:02:24.70;45.03893;37.372612;622.325;0.0;0.0;0.0;0;0
0:02:25.02;45.038686;37.37248;622.323;0.0;0.0;0.0;0;0
0:02:25.31;45.038686;37.37248;622.343;0.0;0.0;0.0;0;0
0:02:25.64;45.038686;37.37248;622.34;0.0;0.0;0.0;0;0
0:02:25.95;45.038724;37.372555;622.361;0.0;0.0;0.0;0;0
0:02:26.27;45.038724;37.372555;622.348;0.0;0.0;0.0;0;0
0:02:26.58;45.038653;37.372292;622.34;0.0;0.0;0.0;0;0
0:02:26.89;45.038648;37.372167;622.36;0.0;0.0;0.0;0;0
0:02:27.19;45.03863;37.372377;622.383;0.0;0.0;0.0;0;0
0:02:27.50;45.038625;37.37158;622.383;0.0;0.0;0.0;0;0
0:02:27.81;45.038619;37.372193;622.42;0.0;0.0;0.0;0;0
0:02:28.11;45.038595;37.372375;622.43;0.0;0.0;0.0;0;0
0:02:28.42;45.038597;37.372214;622.439;0.0;0.0;0.0;0;0
0:02:28.74;45.038552;37.372128;622.442;0.0;0.0;0.0;0;0
0:02:29.05;45.038533;37.372406;622.443;0.0;0.0;0.0;0;0
0:02:29.35;45.038532;37.372108;622.447;0.0;0.0;0.0;0;0
0:02:29.65;45.03848;37.372005;622.449;0.0;0.0;0.0;0;0
0:02:29.95;45.038556;37.372382;622.452;0.0;0.0;0.0;0;0
0:02:30.26;45.038205;37.373059;622.46;0.0;0.0;0.0;0;0
0:02:30.55;45.037382;37.370758;622.46;0.0;0.0;0.0;0;0
0:02:30.85;45.037382;37.370758;622.418;0.0;0.0;0.0;0;0
0:02:31.15;45.037382;37.370758;622.381;0.0;0.0;0.0;0;0
0:02:31.47;45.037083;37.370098;622.348;0.0;0.0;0.0;0;0
0:02:31.79;45.037083;37.370098;622.336;0.0;0.0;0.0;0;0
0:02:32.09;45.037083;37.370098;622.362;0.0;0.0;0.0;0;0
0:02:32.41;45.037337;37.370565;622.381;0.0;0.0;0.0;0;0
0:02:32.72;45.037337;37.370565;622.415;0.0;0.0;0.0;0;0
0:02:33.02;45.037337;37.370565;622.393;0.0;0.0;0.0;0;0
0:02:33.32;45.038387;37.370749;622.324;0.0;0.0;0.0;0;0
0:02:33.63;45.038366;37.371049;622.296;0.0;0.0;0.0;0;0
0:02:33.95;45.038366;37.371049;622.299;0.0;0.0;0.0;0;0
0:02:34.25;45.038041;37.370947;622.327;0.0;0.0;0.0;0;0
0:02:34.58;45.038041;37.370947;622.331;0.0;0.0;0.0;0;0
0:02:34.89;45.038041;37.370947;622.326;0.0;0.0;0.0;0;0
0:02:35.20;45.038422;37.371087;622.318;0.0;0.0;0.0;0;0
0:02:35.52;45.038422;37.371087;622.302;0.0;0.0;0.0;0;0
0:02:35.83;45.038422;37.371087;622.295;0.0;0.0;0.0;0;0
0:02:36.15;45.038587;37.37114;622.277;0.0;0.0;0.0;0;0
0:02:36.47;45.038587;37.37114;622.28;0.0;0.0;0.0;0;0
0:02:36.78;45.038298;37.371586;622.281;0.0;0.0;0.0;0;0
0:02:37.09;45.038541;37.371603;622.3;0.0;0.0;0.0;0;0
0:02:37.39;45.038296;37.372399;622.307;0.0;0.0;0.0;0;0
0:02:37.71;45.038154;37.371563;622.316;0.0;0.0;0.0;0;0
0:02:38.03;45.038302;37.371549;622.327;0.0;0.0;0.0;0;0
0:02:38.36;45.038179;37.371621;622.329;0.0;0.0;0.0;0;0
0:02:38.67;45.038094;37.371856;622.329;0.0;0.0;0.0;0;0
0:02:39.00;45.038551;37.371707;622.269;0.0;0.0;0.0;0;0
0:02:39.31;45.038551;37.371707;622.243;0.0;0.0;0.0;0;0
0:02:39.63;45.038397;37.371901;622.219;0.0;0.0;0.0;0;0
0:02:39.94;45.037717;37.371861;622.209;0.0;0.0;0.0;0;0
0:02:40.25;45.037717;37.371861;622.205;0.0;0.0;0.0;0;0
0:02:40.56;45.037717;37.371861;622.218;0.0;0.0;0.0;0;0
0:02:40.87;45.037456;37.371867;622.206;0.0;0.0;0.0;0;0
0:02:41.19;45.037899;37.372013;622.209;0.0;0.0;0.0;0;0
0:02:41.52;45.037899;37.372013;622.205;0.0;0.0;0.0;0;0
0:02:41.84;45.037834;37.372013;622.223;0.0;0.0;0.0;0;0
0:02:42.14;45.037834;37.372013;622.225;0.0;0.0;0.0;0;0
0:02:42.46;45.037811;37.371447;622.229;0.0;0.0;0.0;0;0
0:02:42.80;45.037748;37.371558;622.229;0.0;0.0;0.0;0;0
0:02:43.13;45.037748;37.371558;622.222;0.0;0.0;0.0;0;0
0:02:43.44;45.037748;37.371558;622.207;0.0;0.0;0.0;0;0
0:02:43.76;45.037817;37.371658;622.208;0.0;0.0;0.0;0;0
0:02:44.07;45.037817;37.371658;622.223;0.0;0.0;0.0;0;0
0:02:44.38;45.037672;37.371678;622.223;0.0;0.0;0.0;0;0
0:02:44.69;45.037639;37.371391;622.2;0.0;0.0;0.0;0;0
0:02:45.07;45.0377;37.371721;622.171;0.0;0.0;0.0;0;0
0:02:45.38;45.0377;37.371721;622.171;0.0;0.0;0.0;0;0
0:02:45.70;45.037599;37.371703;622.158;0.0;0.0;0.0;0;0
0:02:46.02;45.037599;37.371703;622.12;0.0;0.0;0.0;0;0
0:02:46.33;45.037599;37.371703;622.104;0.0;0.0;0.0;0;0
0:02:46.64;45.037578;37.371699;622.095;0.0;0.0;0.0;0;0
0:02:46.95;45.037578;37.371699;622.081;0.0;0.0;0.0;0;0
0:02:47.26;45.037578;37.371699;622.075;0.0;0.0;0.0;0;0
0:02:47.57;45.037402;37.3717;622.067;0.0;0.0;0.0;0;0
0:02:47.90;45.036825;37.370375;622.049;0.0;0.0;0.0;0;0
0:02:48.19;45.036825;37.370375;622.038;0.0;0.0;0.0;0;0
0:02:48.51;45.036739;37.371254;622.054;0.0;0.0;0.0;0;0
0:02:48.82;45.036739;37.371254;622.075;0.0;0.0;0.0;0;0
0:02:49.14;45.037379;37.371701;622.071;0.0;0.0;0.0;0;0
0:02:49.45;45.037401;37.371704;622.069;0.0;0.0;0.0;0;0
0:02:49.76;45.037401;37.371704;622.061;0.0;0.0;0.0;0;0
0:02:50.07;45.037256;37.371714;622.07;0.0;0.0;0.0;0;0
0:02:50.39;45.037183;37.371701;622.076;0.0;0.0;0.0;0;0
0:02:50.71;45.037183;37.371701;622.075;0.0;0.0;0.0;0;0
0:02:51.02;45.037183;37.371701;622.079;0.0;0.0;0.0;0;0
0:02:51.35;45.037083;37.371682;622.07;0.0;0.0;0.0;0;0
0:02:51.66;45.037083;37.371682;622.064;0.0;0.0;0.0;0;0
0:02:51.98;45.036992;37.371614;622.056;0.0;0.0;0.0;0;0
0:02:52.29;45.036964;37.371605;622.032;0.0;0.0;0.0;0;0
0:02:52.62;45.036964;37.371605;621.997;0.0;0.0;0.0;0;0
0:02:52.92;45.036964;37.371605;621.982;0.0;0.0;0.0;0;0
0:02:53.25;45.036862;37.371573;621.965;0.0;0.0;0.0;0;0
0:02:53.55;45.036862;37.371573;621.971;0.0;0.0;0.0;0;0
0:02:53.86;45.036862;37.371573;621.982;0.0;0.0;0.0;0;0
0:02:54.17;45.036927;37.371594;621.963;0.0;0.0;0.0;0;0
0:02:54.47;45.036927;37.371594;621.953;0.0;0.0;0.0;0;0
0:02:54.79;45.036927;37.371594;621.962;0.0;0.0;0.0;0;0
0:02:55.11;45.036875;37.371577;621.95;0.0;0.0;0.0;0;0
0:02:55.43;45.036875;37.371577;621.937;0.0;0.0;0.0;0;0
0:02:55.76;45.036875;37.371577;621.938;0.0;0.0;0.0;0;0
0:02:56.07;45.03684;37.371565;621.944;0.0;0.0;0.0;0;0
0:02:56.38;45.03684;37.371565;621.958;0.0;0.0;0.0;0;0
0:02:56.67;45.03684;37.371565;621.957;0.0;0.0;0.0;0;0
0:02:57.00;45.036639;37.371498;621.942;0.0;0.0;0.0;0;0
0:02:57.30;45.036544;37.371677;621.937;0.0;0.0;0.0;0;0
0:02:57.62;45.036544;37.371677;621.937;0.0;0.0;0.0;0;0
0:02:57.94;45.036634;37.371696;621.952;0.0;0.0;0.0;0;0
0:02:58.24;45.036634;37.371696;621.953;0.0;0.0;0.0;0;0
0:02:58.55;45.036634;37.371696;621.96;0.0;0.0;0.0;0;0
0:02:58.87;45.036416;37.371646;621.962;0.0;0.0;0.0;0;0
0:02:59.19;45.036416;37.371646;621.944;0.0;0.0;0.0;0;0
0:02:59.49;45.036416;37.371646;621.932;0.0;0.0;0.0;0;0
0:02:59.80;45.036559;37.371675;621.904;0.0;0.0;0.0;0;0
0:03:00.11;45.036559;37.371675;621.899;0.0;0.0;0.0;0;0
0:03:00.43;45.03635;37.371615;621.886;0.0;0.0;0.0;0;0
0:03:00.74;45.036021;37.37156;621.893;0.0;0.0;0.0;0;0
0:03:01.04;45.036021;37.37156;621.913;0.0;0.0;0.0;0;0
0:03:01.35;45.036188;37.371719;621.927;0.0;0.0;0.0;0;0
0:03:01.64;45.036216;37.371725;621.928;0.0;0.0;0.0;0;0
0:03:01.95;45.036216;37.371725;621.925;0.0;0.0;0.0;0;0
0:03:02.25;45.036216;37.371725;621.893;0.0;0.0;0.0;0;0
0:03:02.55;45.036055;37.371721;621.877;0.0;0.0;0.0;0;0
0:03:02.87;45.036055;37.371721;621.85;0.0;0.0;0.0;0;0
0:03:03.16;45.036055;37.371721;621.832;0.0;0.0;0.0;0;0
0:03:03.47;45.036801;37.372203;621.801;0.0;0.0;0.0;0;0
0:03:03.78;45.036801;37.372203;621.794;0.0;0.0;0.0;0;0
0:03:04.09;45.036052;37.371634;621.794;0.0;0.0;0.0;0;0
0:03:04.40;45.036015;37.371629;621.784;0.0;0.0;0.0;0;0
0:03:04.71;45.035848;37.371685;621.779;0.0;0.0;0.0;0;0
0:03:05.01;45.035848;37.371685;621.77;0.0;0.0;0.0;0;0
0:03:05.32;45.035775;37.371673;621.777;0.0;0.0;0.0;0;0
0:03:05.62;45.035775;37.371673;621.775;0.0;0.0;0.0;0;0
0:03:05.92;45.035806;37.371579;621.782;0.0;0.0;0.0;0;0
0:03:06.23;45.03584;37.371582;621.789;0.0;0.0;0.0;0;0
0:03:06.54;45.03584;37.371582;621.789;0.0;0.0;0.0;0;0
0:03:06.85;45.03584;37.371582;621.799;0.0;0.0;0.0;0;0
0:03:07.16;45.035733;37.37157;621.799;0.0;0.0;0.0;0;0
0:03:07.47;45.035634;37.371715;621.791;0.0;0.0;0.0;0;0
0:03:07.76;45.035634;37.371715;621.777;0.0;0.0;0.0;0;0
0:03:08.07;45.035571;37.371706;621.778;0.0;0.0;0.0;0;0
0:03:08.39;45.03556;37.371693;621.769;0.0;0.0;0.0;0;0
0:03:08.70;45.035546;37.371689;621.78;0.0;0.0;0.0;0;0
0:03:09.01;45.0355;37.371682;621.781;0.0;0.0;0.0;0;0
0:03:09.30;45.035513;37.37168;621.778;0.0;0.0;0.0;0;0
0:03:09.62;45.035457;37.371692;621.767;0.0;0.0;0.0;0;0
0:03:09.94;45.035407;37.371665;621.782;0.0;0.0;0.0;0;0
0:03:10.26;45.035391;37.371661;621.778;0.0;0.0;0.0;0;0
0:03:10.61;45.035265;37.371727;621.774;0.0;0.0;0.0;0;0
0:03:10.92;45.035308;37.371682;621.774;0.0;0.0;0.0;0;0
0:03:11.24;45.035244;37.371634;621.759;0.0;0.0;0.0;0;0
0:03:11.55;45.035248;37.371718;621.76;0.0;0.0;0.0;0;0
0:03:11.86;45.035245;37.371622;621.711;0.0;0.0;0.0;0;0
0:03:12.15;45.035202;37.371635;621.683;0.0;0.0;0.0;0;0
0:03:12.47;45.035187;37.371618;621.699;0.0;0.0;0.0;0;0
0:03:12.77;45.035201;37.371654;621.712;0.0;0.0;0.0;0;0
0:03:13.08;45.035201;37.371654;621.702;0.0;0.0;0.0;0;0
0:03:13.39;45.035131;37.371671;621.685;0.0;0.0;0.0;0;0
0:03:13.71;45.035084;37.371683;621.706;0.0;0.0;0.0;0;0
0:03:14.03;45.035086;37.37164;621.72;0.0;0.0;0.0;0;0
0:03:14.34;45.03503;37.371683;621.703;0.0;0.0;0.0;0;0
0:03:14.67;45.034982;37.37172;621.701;0.0;0.0;0.0;0;0
0:03:14.97;45.034963;37.371674;621.702;0.0;0.0;0.0;0;0
0:03:15.27;45.0349;37.371704;621.701;0.0;0.0;0.0;0;0
0:03:15.59;45.034911;37.371671;621.697;0.0;0.0;0.0;0;0
0:03:15.90;45.034867;37.371657;621.67;0.0;0.0;0.0;0;0
0:03:16.19;45.034866;37.371663;621.672;0.0;0.0;0.0;0;0
0:03:16.51;45.034817;37.371681;621.677;0.0;0.0;0.0;0;0
0:03:16.82;45.034821;37.371685;621.676;0.0;0.0;0.0;0;0
0:03:17.11;45.034815;37.371614;621.674;0.0;0.0;0.0;0;0
0:03:17.43;45.034738;37.371632;621.676;0.0;0.0;0.0;0;0
0:03:17.76;45.034725;37.371707;621.674;0.0;0.0;0.0;0;0
0:03:18.06;45.034769;37.371676;621.664;0.0;0.0;0.0;0;0
0:03:18.39;45.03429;37.371692;621.646;0.0;0.0;0.0;0;0
0:03:18.69;45.034587;37.37163;621.649;0.0;0.0;0.0;0;0
0:03:19.00;45.034631;37.371636;621.645;0.0;0.0;0.0;0;0
0:03:19.31;45.034649;37.371686;621.65;0.0;0.0;0.0;0;0
0:03:19.61;45.034565;37.371673;621.641;0.0;0.0;0.0;0;0
0:03:19.91;45.034544;37.371649;621.631;0.0;0.0;0.0;0;0
0:03:20.22;45.034495;37.371665;621.621;0.0;0.0;0.0;0;0
0:03:20.52;45.034432;37.371659;621.615;0.0;0.0;0.0;0;0
0:03:20.83;45.034481;37.371631;621.63;0.0;0.0;0.0;0;0
0:03:21.15;45.034428;37.37167;621.64;0.0;0.0;0.0;0;0
0:03:21.46;45.034398;37.371654;621.645;0.0;0.0;0.0;0;0
0:03:21.76;45.034299;37.37168;621.642;0.0;0.0;0.0;0;0
0:03:22.07;45.034391;37.371646;621.651;0.0;0.0;0.0;0;0
0:03:22.38;45.034363;37.371627;621.645;0.0;0.0;0.0;0;0
0:03:22.68;45.03429;37.371675;621.643;0.0;0.0;0.0;0;0
0:03:22.99;45.03428;37.371659;621.638;0.0;0.0;0.0;0;0
0:03:23.29;45.034223;37.371643;621.642;0.0;0.0;0.0;0;0
0:03:23.58;45.034207;37.371677;621.649;0.0;0.0;0.0;0;0
0:03:23.89;45.03421;37.371649;621.641;0.0;0.0;0.0;0;0
0:03:24.18;45.034127;37.37165;621.626;0.0;0.0;0.0;0;0
0:03:24.48;45.034104;37.371706;621.626;0.0;0.0;0.0;0;0
0:03:24.79;45.034065;37.371654;621.633;0.0;0.0;0.0;0;0
0:03:25.10;45.034112;37.371638;621.646;0.0;0.0;0.0;0;0
0:03:25.39;45.034105;37.371647;621.632;0.0;0.0;0.0;0;0
0:03:25.71;45.03411;37.371636;621.633;0.0;0.0;0.0;0;0
0:03:26.01;45.033995;37.371644;621.682;0.0;0.0;0.0;0;0
0:03:26.32;45.033956;37.371684;621.684;0.0;0.0;0.0;0;0
0:03:26.63;45.033909;37.371701;621.683;0.0;0.0;0.0;0;0
0:03:26.94;45.033887;37.371695;621.671;0.0;0.0;0.0;0;0
0:03:27.24;45.033841;37.371663;621.656;0.0;0.0;0.0;0;0
0:03:27.55;45.033895;37.371695;621.634;0.0;0.0;0.0;0;0
0:03:27.86;45.033845;37.37165;621.624;0.0;0.0;0.0;0;0
0:03:28.16;45.033696;37.371659;621.61;0.0;0.0;0.0;0;0
0:03:28.47;45.0338;37.371721;621.586;0.0;0.0;0.0;0;0
0:03:28.78;45.033721;37.371704;621.597;0.0;0.0;0.0;0;0
0:03:29.08;45.03372;37.371638;621.595;0.0;0.0;0.0;0;0
0:03:29.39;45.033694;37.371654;621.587;0.0;0.0;0.0;0;0
0:03:29.70;45.033694;37.371651;621.582;0.0;0.0;0.0;0;0
0:03:30.00;45.033707;37.371622;621.582;0.0;0.0;0.0;0;0
0:03:30.31;45.033676;37.371633;621.579;0.0;0.0;0.0;0;0
0:03:30.63;45.033613;37.371663;621.584;0.0;0.0;0.0;0;0
0:03:30.94;45.033567;37.371674;621.605;0.0;0.0;0.0;0;0
0:03:31.23;45.033497;37.371639;621.589;0.0;0.0;0.0;0;0
0:03:31.55;45.033505;37.371671;621.577;0.0;0.0;0.0;0;0
0:03:31.86;45.033575;37.371625;621.568;0.0;0.0;0.0;0;0
0:03:32.18;45.033482;37.371632;621.565;0.0;0.0;0.0;0;0
0:03:32.48;45.033449;37.371678;621.566;0.0;0.0;0.0;0;0
0:03:32.79;45.033421;37.371673;621.567;0.0;0.0;0.0;0;0
0:03:33.11;45.033345;37.371639;621.551;0.0;0.0;0.0;0;0
0:03:33.42;45.033345;37.371639;621.509;0.0;0.0;0.0;0;0
0:03:33.72;45.033337;37.371657;621.49;0.0;0.0;0.0;0;0
0:03:34.04;45.03329;37.371664;621.479;0.0;0.0;0.0;0;0
0:03:34.35;45.033242;37.371574;621.477;0.0;0.0;0.0;0;0
0:03:34.65;45.033205;37.371673;621.485;0.0;0.0;0.0;0;0
0:03:34.94;45.033274;37.371656;621.49;0.0;0.0;0.0;0;0
0:03:35.25;45.033162;37.371664;621.487;0.0;0.0;0.0;0;0
0:03:35.54;45.033238;37.371703;621.483;0.0;0.0;0.0;0;0
0:03:35.85;45.033179;37.371628;621.502;0.0;0.0;0.0;0;0
0:03:36.15;45.033024;37.371642;621.514;0.0;0.0;0.0;0;0
0:03:36.45;45.033026;37.371698;621.517;0.0;0.0;0.0;0;0
0:03:36.75;45.033096;37.371713;621.513;0.0;0.0;0.0;0;0
0:03:37.07;45.033086;37.371629;621.541;0.0;0.0;0.0;0;0
0:03:37.36;45.032934;37.371662;621.542;0.0;0.0;0.0;0;0
0:03:37.67;45.032986;37.371624;621.555;0.0;0.0;0.0;0;0
0:03:37.97;45.032929;37.371595;621.555;0.0;0.0;0.0;0;0
0:03:38.28;45.03297;37.371673;621.533;0.0;0.0;0.0;0;0
0:03:38.59;45.032881;37.371667;621.527;0.0;0.0;0.0;0;0
0:03:38.90;45.032865;37.371702;621.51;0.0;0.0;0.0;0;0
0:03:39.19;45.032837;37.371683;621.514;0.0;0.0;0.0;0;0
0:03:39.49;45.032796;37.37163;621.519;0.0;0.0;0.0;0;0
0:03:39.79;45.03283;37.371625;621.519;0.0;0.0;0.0;0;0
0:03:40.09;45.032761;37.371633;621.489;0.0;0.0;0.0;0;0
0:03:40.39;45.032691;37.371701;621.497;0.0;0.0;0.0;0;0
0:03:40.70;45.032735;37.371603;621.516;0.0;0.0;0.0;0;0
0:03:40.98;45.032773;37.371602;621.509;0.0;0.0;0.0;0;0
0:03:41.29;45.032752;37.371697;621.517;0.0;0.0;0.0;0;0
0:03:41.59;45.032691;37.371688;621.513;0.0;0.0;0.0;0;0
0:03:41.89;45.032691;37.371688;621.508;0.0;0.0;0.0;0;0
0:03:42.23;45.032565;37.371597;621.491;0.0;0.0;0.0;0;0
0:03:42.55;45.032516;37.371672;621.473;0.0;0.0;0.0;0;0
0:03:42.85;45.032581;37.37165;621.463;0.0;0.0;0.0;0;0
0:03:43.15;45.032473;37.371639;621.44;0.0;0.0;0.0;0;0
0:03:43.46;45.032376;37.371687;621.435;0.0;0.0;0.0;0;0
0:03:43.75;45.032544;37.37162;621.411;0.0;0.0;0.0;0;0
0:03:44.06;45.03235;37.371659;621.409;0.0;0.0;0.0;0;0
0:03:44.35;45.032422;37.371631;621.406;0.0;0.0;0.0;0;0
0:03:44.66;45.032366;37.371603;621.409;0.0;0.0;0.0;0;0
0:03:44.95;45.032384;37.371572;621.394;0.0;0.0;0.0;0;0
0:03:45.26;45.032327;37.371589;621.397;0.0;0.0;0.0;0;0
0:03:45.55;45.032258;37.371621;621.383;0.0;0.0;0.0;0;0
0:03:45.85;45.032157;37.371615;621.381;0.0;0.0;0.0;0;0
0:03:46.14;45.032217;37.371602;621.373;0.0;0.0;0.0;0;0
0:03:46.44;45.03214;37.371631;621.368;0.0;0.0;0.0;0;0
0:03:46.74;45.03218;37.371614;621.37;0.0;0.0;0.0;0;0
0:03:47.03;45.03218;37.371614;621.375;0.0;0.0;0.0;0;0
0:03:47.34;45.032126;37.37157;621.368;0.0;0.0;0.0;0;0
0:03:47.64;45.032172;37.37159;621.357;0.0;0.0;0.0;0;0
0:03:47.94;45.032171;37.371578;621.35;0.0;0.0;0.0;0;0
0:03:48.24;45.031976;37.37162;621.348;0.0;0.0;0.0;0;0
0:03:48.55;45.032025;37.371605;621.345;0.0;0.0;0.0;0;0
0:03:48.83;45.031991;37.371562;621.354;0.0;0.0;0.0;0;0
0:03:49.13;45.031956;37.371588;621.352;0.0;0.0;0.0;0;0
0:03:49.41;45.031969;37.371648;621.375;0.0;0.0;0.0;0;0
0:03:49.72;45.031949;37.371627;621.388;0.0;0.0;0.0;0;0
0:03:50.00;45.031949;37.371627;621.401;0.0;0.0;0.0;0;0
0:03:50.37;45.03179;37.371575;621.401;0.0;0.0;0.0;0;0
0:03:50.66;45.03179;37.371575;621.401;0.0;0.0;0.0;0;0
